attribute,value
Size,8.5oz
Size,33.8oz
Title,Default Title
Size,30ml/1fl.oz
Size,60ml/2fl.oz
Size,1 oz
Size,1.7 oz
Olaplex Bundle,No.3 Hair Perfector
Olaplex Bundle,No.4 Bond Maintenance Shampoo
Olaplex Bundle,No.5 Bond Maintenance Conditioner
Size,280 ml / 9.46 oz
Size,1000 ml / 33.8 oz
Color,PRRR
Color,Spite
Color,Bittersweet Me
Color,All Things Magical
Color,NC 15
Color,NC 30
Color,NC 45
Color,Dervish
Color,Cork
Color,Chicory
Color,Charcoal Brown
Color,I'm Into It Matte
Size,NC 20
Size,NC 30
Size,NC 10
Size,NC 15
Size,NC 42
Size,NC 44.5
Color,NC 20
Color,N 4
Color,NC 10
Color,NC 25
Color,NC 35
Color,NC 42
Color,NC 44
Size,6.8 oz 200 ml
Size,34 oz 1000 ml
Size,8.5 oz 250 ml
Size,16.5 oz 500 ml
Color,Quartz Rose
Color,Desert Wind
Color,Rising Sun
Color,Vastness
Color,30 Beige
Color,40 Beige
Color,Intense Black
Color,Dark Brown
Color,Shade 1
Color,Shade 2
Color,Shade 3
Color,Fair 2
Color,Light 1
Color,Light 2
Color,Eternel
Color,Modern
Color,Extreme
Color,Medium
Color,Medium Plus
Color,Medium Light
Color,Light
Color,Deep
Color,3 Light Neutral
Color,4 Light Cool
Color,1 Light
Color,3 Medium
Color,5 Medium Dark
Color,Cloud 01
Color,Swan 04
Color,Snow 05
Color,Ivory 06
Color,Almond  08
Color,Pearl 10
Color,Porcelain 11
Color,Vanilla 13
Color,Light Beige 17
Color,120
Color,130
Color,140
Color,150
Color,170
Color,180
Color,190
Color,220
Color,240
Color,290
Color,310
Color,320
Color,340
Color,350
Color,370
Color,390
Color,420
Color,Uncuffed
Color,Unveil
Color,Unattached
Color,Fussy
Color,Glass Slipper
Color,$weet Mouth
Color,Fenty Glow
Color,Petal Poppin
Color,Summertime Wine
Color,Rose Latte
Color,S1ngle
Color,MaDamn
Color,Spanked
Color,Tiger Tini
Color,Thicc
Color,1.5N
Color,2W
Color,2WP
Color,3N
Color,0N
Color,1N
Color,Light Cool
Color,Light Warm
Color,Natural Cool
Color,Natural Warm
Color,Deep Golden
Color,Deep Cool
Color,Smoothie Move
Color,Juicy Date
Color,Hippy Shake
Color,Haute Cocoa
Color,Give a Fig
Color,Golden Mink
Color,Seductive Rose
Color,Pink Chocolate
Color,Going Steady
Color,Ticklish
Color,Soft Brown
Color,Deep Brown
Color,Mat Taupe
Color,Noir Intense
Color,Fly
Color,Naked
Color,Rise
Size,75 ml
Size,160 ml
Size,230 ml
Size,250 ml
Size,330 ml
Size,Very Dry to Dry
Size,Dry Combination
Size,Combination Oily
Size,Oily
Size,Normal
Title,$10.00 USD
Title,$25.00 USD
Title,$50.00 USD
Title,$100.00 USD
Color,Fair
Color,Fairly Light
Color,Gloden Medium
Color,Golden Fair
Color,Sand
Color,Cool Vanilla
Size,30 ml 1 oz
Color,Soft Nude
Color,Deep Nude
Color,00N Porcelain
Color,01N Very Light
Color,02N Light
Color,02W Light Warm
Color,02C Light Cool
Color,01C Very Light Cool
Color,00C Porcelain Cool
Color,Cool Ivory
Color,Warm Ivory
Color,Amaretto
Color,Azalea
Color,Redwood
Color,Nuda
Color,Sienne
Size,30 ml
Size,50 ml
Color,Mad Nude
Color,Dazzling Fuchsia
Color,Insane Pink
Color,Exposing Coral
Color,Delirious Orange
Color,Lunatic Red
Color,4
Color,5.5
Color,2
Color,Light Beige
Color,Ivory
Color,Pink
Color,Coral
Color,Raspberry
Color,Holo Purple
Color,Berry
Color,Red Berry
Color,Candy
Color,Honey
Color,Tangerine
Color,Mint
Color,O20
Color,B10
Color,I10
Color,Ocher
Color,Almondi
Color,Very Light
Color,Star Dust
Color,Fire Ruby
Color,1
Size,1 oz 30 ml
Size,1.7 oz 50 ml
Color,Rouge Extravagant
Color,Contrary Fuchsia
Color,Nu Incongru
Color,Mystery Red
Color,Strange Orange
Color,Rose Oxymore
Color,Corail Antinomique
Color,Ambiguous Beige
Color,Original Coral
Color,Black Onyx
Color,Dark Chocolate
Color,770 Ultra Love
Color,777 Ultra Star
Color,450 Ultra Lively
Color,545 Ultra Mad
Color,600 Ultra Tough
Color,763 Ultra Hype
Color,Neutral
Color,Poppy Pop
Color,Pansy Pop
Color,Pink Pop
Color,Nude Pop
Color,Ginger Pop
Color,Rosy Pop
Color,Peach Pop
Color,Melon Pop
Size,"1set, 2pcs"
Color,Crazy Tangerine
Color,Rose Ink
Color,Rose Illicite
Color,Rose Water
Color,Orange Water
Color,Red Water
Color,Violet Water
Size,"4.2oz, 125ml"
Size,3.9 oz 115 ml
Color,Dior Pretty
Color,Dior Glitz
Color,On Fire
Color,Disco Dior
Color,After party
Color,Dior Pulse
Color,Activist
Color,Icon
Color,Innovator
Color,Inventor
Color,Lover
Color,Visionary
Color,I've Kissed
Color,I Can't Live Without
Color,I Desire
Color,Secretly
Color,You Can Find Me
Color,Porcelain
Color,Bisque
Color,Honey Glam
Size,1.6 oz 50 ml
Size,1 oz 30ml
Size,2oz 60ml
Color,Expose Me Rose
Color,Undress Me Coral
Color,Grab Me Red
Color,Excite Me Pink
Color,Strip Me Fuchsia
Color,Chase Me Nude
Color,Anna
Color,Rosa
Color,Concetta
Color,Isabella
Color,Filomena
Color,Maria
Color,Agata
Size,"0.5oz, 15ml"
Size,"1.7 oz, 50 ml"
Size,"2.5oz, 75ml"
Size,"6.7oz, 200ml"
Color,010E Ivory
Color,010 Ivoire / Ivory
Color,Almond
Color,Rosa Carina
Color,Rosa Calizia
Color,Rosa Aurora
Color,Classic
Color,Creamy
Color,Iridescent
Color,Rose
Color,Impact
Size,"1oz, 30ml"
Size,1.6 oz 50ml
Size,15 g
Size,50 g
Size,80 g
Color,Versatile Satin
Color,Matte
Color,Fury Matte
Color,Impetuous Satin
Color,M331 Chilli Red
Color,M347 Zesty Orange
Color,M376 Daring Pink
Size,1oz. 30ml
Size,"1.7oz, 50ml"
Color,M25 Seductive Red
Color,M71 Exciting Pink
Size,"1.6oz, 48ml"
Size,"3.2oz, 95ml"
Color,Mandarine Bolero
Color,Framboise Velours
Color,Rose Dressing
Color,Fuchsia Irresistible
Color,Magnolia Organza
Color,Hibiscus Exclusif
Color,Call Me Rose
Color,Catch Me Orange
Size,"6.8oz, 200ml"
Size,16.9oz 500 ml
Color,1W1 Bone
Color,2C3 Fresco
Color,2N1 Desert Beige
Color,1N2 Ecru
Color,2W0 Warm Vanilla
Color,2C0 Cool Vanilla
Color,3
Color,3.5
Size,0.95 oz 28 ml
Color,Beige
Size,"60capsules,"
Size,90 capsules
Size,3 x 30 capsules
Size,0.12 oz 3.6 g
Size,0.1 oz 3 g
Color,5
Size,6.9 oz 200 ml
Size,"13.5oz, 400ml"
Color,Four Hundred For All
Color,Vibrato
Color,Maharajah
Color,Second-Skin
Color,Night Viper
Color,Tangerinne
Color,Scarlatto
Color,Fil Rouge
Color,Glow
Color,Garconne
Color,Heat
Color,Hollywood
Color,Fair 01
Color,Light Natural 09
Color,Natural 11
Color,La Favorite
Color,Rouge Feu
Color,L'eclatante
Color,L'Indomabile
Color,Dolce Flirt
Color,Dolce Desire
Color,Dolce Exclesa
Color,Dolce Lover
Color,Camel
Color,Shell
Color,Petal
Color,Choquant
Color,Amoureux
Color,Orange Electro
Color,Rouge Vinyle
Color,Russian Doll
Color,Retro Red
Color,Sunset Orange
Color,Actrice
Color,Miss
Color,080 Red Smile
Color,520 Feel Good
Color,Red
Color,999 Matte
Color,Strong Matte
Color,Trafalgar
Color,Very Light Ivory
Color,#O10
Size,1.0 oz 30 ml
Size,3.4 oz 100 ml
Color,Plum Vinyl
Color,Uptown
Color,Crescendo
Color,Red-to-go
Color,Four Hundred
Color,Red Chrome
Color,Boudoir
Color,511
Color,509
Color,300
Color,400
Color,401
Color,505
Color,512
Color,402
Color,502
Color,503
Color,504
Color,507
Color,Buttercream
Color,Ginger
Color,Natural
Color,Opal
Color,Rosy Babe
Color,Cherry Bomb
Color,Coral Stellar
Color,Rose Beige
Color,Rosy Beige
Color,Intense Beige
Color,Cream Beige
Color,Fair Beige
Color,Pearl
Color,Moonstone
Color,Topaz
Color,Rose Gold
Color,Buttercup
Color,Noisette
Color,Scarlett
Color,Devil
Color,Fire
Color,Corail Aquatique
Color,Corail Fauve
Color,Pink Taboo
Color,Corail Hold Up
Color,Bronze Moon
Color,Misty Rock
Color,Pink In Confidence
Color,Corail Incandescent
Color,Pink In Paris
Color,Le Rouge
Color,Le Orange
Color,Rose Stiletto
Color,Rouge Rose
Color,Corail Urbain
Color,Rouge Vermillon
Size,17.99 oz 500 ml
Size,13.9 oz 400 ml
Color,Teheran
Color,Sari Dore
Color,Coco
Color,Carmen
Size,16.9 oz 500 ml
Color,330
Size,2.58 oz 75 ml
Size,4.13 oz 120 ml
Size,"17oz, 500ml"
Size,100 g
Color,Rose Petale
Color,Pink Explosion
Color,Brume D'or
Size,7.2 oz 200 ml
Color,Envious
Color,Rebellious Rose
Color,Defiant Coral
Color,Onyx
Color,Coffee
Color,Smoke
Color,Electric Cobalt
Color,Clair
Color,Honey Bisque
Color,Summer Bisque
Color,Pirate
Color,Passion
Color,Insaisissable
Color,Seduisante
Size,Invisible Bright
Size,Invisible Deep
Size,400 ml 13.54 oz
Size,16.9 oz 480 ml
Color,01 Claire
Color,03 Medium
Color,Lilac
Color,101 Matte Pink
Color,Matte Raspberry
Color,Holo Pink
Color,Ultra Pink
Color,Luminous Radiance
Color,Luminous Ivory
Color,Ebene
Color,Marine
Size,4.2 oz 125 ml
Size,6.7 oz 200 ml
Size,1.7 oz 50 ml Tube
Color,6
Color,Transparency 3
Color,Transparency Neutral
Color,Transparency 2
Size,4 oz 120 ml
Size,17.02 oz 500 ml
Size,2 oz 60 ml
Color,Warm Beige
Color,Alabaster
Color,Vanilla
Size,2.5 oz 75 ml
Size,120 g
Size,Mini Size 20 ml
Size,5.1 oz 150 ml
Size,16 oz 473 ml
Size,12 oz 355 ml
Size,100 ml
Size,500 ml
Size,1 box 6 pcs
Size,1 box 10 pcs
Size,1 pc
Size,"6.7 oz, 200 ml"
Size,0.5 oz 15 ml
Size,2.5 oz 74 ml
Size,6 oz 170 g
Size,8.4 oz 250 ml
Size,32 oz 946 ml
Size,13.5 oz 400 ml
Color,1W2 Sand
Color,2C1 Pure Beige
Color,1C1 Cool Bone
Color,3C2 Pebble
Color,1N1 Ivory Nude
Color,3N1 Ivory Beige
Size,4.3 oz 125 ml
Title,$50 USD
Title,$40 USD
Title,$30 USD
Title,$20 USD
Title,$10 USD
Color,Beige Clair
Size,4.4 oz 125 ml
Olaplex Bundle,Olaplex No.3
Color,Pinklight
Size,"16.9oz, 500ml"
Color,Sell Out
Color,Sassy
Color,2 Light Medium
Size,.23oz
Size,.1oz
Color,4 Medium
Color,Afternoon Snack/Mo' Hunny
Size,6 ml .2 oz
Size,1 oz 50 ml
Size,3.3 oz
Size,"30 ml, 1 oz"
Size,"5oz, 150ml"
Color,Scandalous Black
Color,Black
Color,Hefty Highlight
Color,Pourpre Profond
Color,Candeur Et Experience
Size,1.01 oz 30 ml
Size,4.8 g
Size,1.4 oz 40 g
Size,150 g
Size,4 0.18 oz 4 5 ml
Size,3.5 oz 100 ml
Size,1 oz 30 g
Size,2.15 oz 61 g
Size,9 g .31 oz
Size,100 ml 3.38 oz
Size,16.38 g .53 oz
Size,2 x 15 g 2 x 0.5 oz
Size,12 g .42 oz
Size,15 ml .51 oz
Size,40 ml 1.3 oz
Size,100 ml 3.3 oz
Size,15 ml .5 oz
Size,170 ml 5.7 oz
Size,50 ml 1.7 oz
Size,250 ml 8.4 oz
Size,20 g .7 oz
Size,30 g
Size,75 ml 2.5 oz
Size,50 ml 1.69 oz
Size,200 ml 6.7 oz
Size,240 g 8.4 oz
Size,500 ml 16.9 oz
Size,60 capsules
Size,25 g .8 oz
Size,50 ml 1.6 oz
Size,400 ml 13.5 oz
Size,200 ml 7 oz
Size,25 ml
Size,300 ml 10.1 oz
Size,2.5 g
Size,8 g
Size,200 ml 6.76 oz
Size,40 ml
Size,97 ml 3.2 oz
Size,60 ml 2 oz
Size,8 g .28 oz
Size,115 ml 3.9 oz
Size,100 ml 3.4 oz
Size,4.82 g .17 oz
Size,20 ml .67 oz
Size,50 g 1.7 oz
Size,20 ml .7 pz
Size,2 x 35 ml 2 x 1.18 oz
Size,4 x 10 ml 4 x 0.33 oz
Size,50 ml 1.76 oz
Size,50 g 1.75 oz
Size,4 pcs
Size,8 oz
Size,3 pcs
Size,3.4 oz
Size,4.2 oz
Size,9.7 oz
Size,2.5 oz
Size,9 g .32 oz
Size,100 ml 3.5 oz
Size,160 ml 5.3 oz
Size,14 ml .5 oz
Size,Mini Size 10 ml
Size,200 ml
Size,125 ml
Size,40 ml 1.35 oz
Size,3.2 g .11 oz
Size,2.2 oz 63 ml
Size,.5 oz 15 ml
Size,75 ml 2.6 oz
Size,40 ml 1.4 oz
Size,150 ml
Size,110 ml
Size,25 ml .84 oz
Size,.9 g .03 oz
Size,50 ml 1.8 oz
Size,3 ml .1 oz
Size,125 ml 4.2 oz
Size,4 pcs 1 set
Size,1 box 4 pcs
Size,90 g
Size,10 pcs
Size,60 ml 2.14 oz
Size,250 ml 8.45 oz
Size,0.29 + 7 x 0.01 oz
Size,10 ml .34 oz
Size,185 ml
Size,150 ml 5 oz
Size,.35 oz 10 g
Size,1.69 oz 50 ml
Size,90 ml
Size,3.34 oz 100 ml
Size,5 oz 150 ml
Size,15.2 oz 450 ml
Size,30+30 capsules
Size,"2 x 0.5oz, 2 x 15ml"
Size,"2 x 0.5oz, 2 x 15g"
Size,"1.8oz, 50ml"
Size,10 ml 0.34 oz
Size,300 ml 10.14 oz
Size,150 ml 5.07 oz
Size,11 g 0.37 oz
Size,"1.6oz, 50ml"
Size,"0.11oz, 3.2g"
Size,50ml
Size,"4oz, 114g"
Size,"2oz, 57g"
Size,"2.53oz, 75ml"
Size,1.5 g 0.05 oz
Size,15 ml 0.5 oz
Size,"3.4oz, 100ml"
Size,"200ml, 7oz"
Size,1 Litre 33.8 oz
Size,"33.8oz, 1Litre"
Size,"0.98oz, 28g"
Size,"3.3oz, 100ml"
Size,"0.91oz, 26g"
Size,30ml
Size,1000 ml 34 oz
Size,"34oz, 1000ml"
Size,"60 x 2.1inch, 60 x 5.5cm"
Size,45ml
Size,"0.53oz, 15g"
Size,"0.7oz, 20ml"
Size,30g
Size,"2 packettes x 12 x 0.012 oz, 2 packettes x 12 x 0.75g"
Size,1 set 4 pcs
Size,"6oz, 178ml"
Size,"7.4oz, 220ml"
Size,20 ml 0.7 oz
Size,100 ml 3.9 oz
Size,0.59 oz 17 g
Size,10.1 oz 300 ml
Size,1.86 oz 55 ml
Size,6 oz 178 ml
Size,7.4 oz 220 ml
Size,1 Box 30 Treatments
Size,1 Box 8 Treatments
Size,"1Box, 4Treatments"
Size,3.3 g 0.11 oz
Size,0.07 oz 2.2 g
Size,1 set 2 pcs
Size,20 x 0.07 oz 20 x 2.2 ml
Size,100 ml (with Pump)
Size,100ml (with Pump)
Size,40ml
Size,3 pcs 1 set
Size,"0.35oz, 10g"
Size,10 g (Refill) 0.35 oz
Size,"0.1oz, 3g"
Size,"0.4.oz, 12ml"
Size,2 x 12 g
Size,48 ml 1.6 oz
Size,"6.76oz, 200ml"
Size,20ml
Size,"5.1oz, 150ml"
Size,"0.31oz, 9g (Refill)"
Size,"1set, 3pcs"
Size,"2.6oz, 75ml"
Size,15 ml 0.51 oz
Size,"0.33oz, 10ml"
Size,5.6g
Size,"0.4oz, 15ml"
Size,"0.2oz, 7ml"
Size,"4.5oz, 125ml"
Size,"3.38oz, 100ml"
Size,"1.69oz, 50ml"
Size,"6.9oz, 200ml"
Size,8 vials x 5.5ml
Size,"5.07oz, 150ml"
Size,"1 x 0.26 + 3 x 0.28oz, 1 x 7.5 + 3 x 8g"
Size,"2.06oz, 58.5g"
Size,"1.7 + 0.7oz, 50 + 20ml"
Size,"1set, 4pcs"
Size,"1box, 6pairs"
Size,"1box, 8pairs"
Size,"1.41oz, 40ml"
Size,"2.54oz, 75ml"
Size,"0.27oz, 8ml"
Size,"1box, 6pcs"
Size,"0.36oz, 10ml (Mini Size)"
Size,"4.22oz, 125ml"
Size,"0.153oz, 4.5ml"
Size,"0.38oz, 11g"
Size,"0.42oz, 12g"
Size,"0.51oz, 14.5g"
Size,360 ml
Size,"8.45oz, 250ml"
Size,"2oz, 60ml (Refill)"
Size,"0.2oz, 6ml"
Size,1pair (Gift Only)
Size,"5.7oz, 170ml"
Size,"3.4oz, 100 g"
Size,"2oz, 60ml"
Size,250 ml 8.8 oz
Size,"7oz, 200ml"
Size,"3.4oz, 100g"
Size,"8.4oz, 250ml"
Size,"0.73oz, 20.9g"
Size,"8.5oz, 250ml"
Size,250 ml 8.5 oz
Size,0.13 oz  (Mini Size)
Size,"0.15oz, 4.2g"
Size,"6oz, 170g"
Size,"8oz, 240ml"
Size,"5.2oz, 150ml"
Size,"0.53oz, 15.2g"
Size,"0.68oz, 20ml"
Size,"0.17oz, 5g"
Size,"2.03oz, 60ml"
Size,"0.09oz, 2.7ml"
Size,"1box, 5pcs"
Size,"1.7oz, 49g"
Size,"1box, 5sachets"
Size,"0.1oz, 3ml"
Size,"0.88oz, 25ml"
Size,"20ml,"
Size,"1.86oz, 55ml"
Size,"40ml,"
Size,"1.3oz, 40ml"
Size,56 ml 1.9 oz
Size,80 ml 2.8 oz
Size,"2.9oz, 80ml"
Size,"0.12oz, 3.5g"
Size,"13.1oz, 400ml"
Size,"6.5oz, 200ml"
Size,"12 x 0.053oz, 12 x 1.5g"
Size,"1set , 2pcs"
Size,100 ml  (with Pump)
Size,"0.21oz, 6.5ml"
Size,"1.01pz, 30ml"
Size,"15.2oz, 450ml"
Size,"1.4oz, 40ml"
Size,"3.5oz, 100ml"
Size,"1.5oz, 50ml"
Size,"6.7oz, 220ml"
Size,"0.75oz, 22ml"
Size,"1.4oz, 40g"
Size,"1box , 5pcs"
Size,"0.45oz, 13g"
Size,"0.22oz, 6.5g"
Size,"200ml,"
Size,"1box, 7pcs"
Size,"2 x 15g,"
Size,"120ml,"
Size,"30g,"
Size,3.3 oz  (Salon Size)
Size,"0.14oz, 4g"
Size,"0.14oz, 4.2g"
Size,"4.1oz, 125ml"
Size,"0.85oz, 25ml"
Size,"1pc,"
Size,"30ml,"
Size,"50ml,"
Size,"0.98oz, 29ml"
Size,"0.04oz, 1.3g"
Size,140 ml
Size,"8.8oz, 250ml"
Size,"0.59oz, 17g"
Size,1.69 oz  (Mini Size)
Size,1.7 oz  (USA Version)
Size,"15oz, 450ml"
Size,"0.05oz, 1.5ml"
Size,"0.67oz, 20ml"
Size,"12 x 0.05oz, 12 x 1.3 g"
Size,"0.28oz, 8g"
Size,"0.295oz, 8.5g"
Size,"2.3oz, 75ml"
Size,"10.1oz, 300ml"
Size,"8 x 0.05oz, 8 x 1.5g"
Size,"4.7oz, 125ml"
Size,"2 x 100g, with 1 tray"
Size,"2.7oz, 80ml"
Size,"3.72oz, 110ml"
Size,"0.12oz, 3.4g"
Size,"0.17 + 0.176 x 5oz, 4.7 + 5 x 5g"
Size,"0.23oz, 7ml"
Size,"1set , 4pcs"
Size,"0.13oz, 3.8g"
Size,4 x 37 + 4 x 5.5 g
Size,"4.9oz, 144ml"
Size,"0.4oz, 14g"
Size,"1.1oz, 30ml"
Size,"7.5g,"
Size,"5.6g,"
Size,"3.4oz, 97g"
Size,"0.16oz, 4.7ml"
Size,"4.1oz, 120ml"
Size,"10oz, 300ml"
Size,"4.7oz, 140ml"
Size,"1oz, 30g"
Size,0.42 oz  (Refill)
Size,0.04 oz 1.2 ml
Size,0.24 oz 7.3 ml
Size,8 oz 227 g
Size,0.12 oz 3.4 g
Size,0.3 oz 9 g
Size,0.18 oz 5.2 g
Size,13.52 oz 400 ml
Size,1.75 oz 50 ml
Size,1.35 oz 40 ml
Size,0.23 oz 6.5 g
Size,4 oz 125 ml
Size,4.2 oz 120 g
Size,0.12 oz 3.5 g
Size,0.05 oz 1.6 g
Size,0.6 oz 20 ml
Size,4 oz 118 ml
Size,0.3 oz 9 ml
Size,4.1 oz 120 ml
Size,0.28 oz 8 g
Size,4 x 0.5 oz 4 x 15 ml
Size,0.68 oz 20 ml
Size,1.3 oz 40 ml
Size,0.01 oz 0.33 g
Size,0.09 oz 2.5 g
Size,45 ml
Size,0.08 oz 2.2 g
Size,0.03 oz 1 ml
Size,5 ml
Size,1.05 oz 30 g
Size,0.2 oz 6 ml
Size,0.07 oz 2 ml
Size,0.11 oz 3.3 g
Size,0.31 oz 9 g
Size,4 vials 0.29 oz 4 vials 8.5 ml
Size,0.14 oz 4.2 g
Size,0.05 oz 1.64 g
Size,85 ml
Size,0.05 oz 1.5 g
Size,0.22 oz 6 ml
Size,6.5 oz 190 g
Size,180 ml
Size,0.71 oz 20 g
Size,2 x 0.04 + 0.05 oz 2 x 1.4 + 1.6 g
Size,2 oz 56.7 g
Size,28 packets 0.5g
Size,7.8 oz 230 ml
Size,6.6 oz 195 ml
Size,7 oz 200 ml
Size,0.22 oz 6.5 ml
Size,0.3 oz 11 g
Size,0.75 oz 22 ml
Size,0.35 oz 10 g
Size,6 oz 160 ml
Size,0.16 oz 4.8 g
Size,4.56 oz 135 ml
Size,0.16 oz 5 ml
Size,7.6 oz 227 ml
Size,3.3 oz 100 ml
Size,3.8 g 0.13 oz
Size,0.51 oz 14 g
Size,2 x 12
Size,1 box 4 pairs
Size,80 ml
Size,4.2 oz 130 ml
Size,3.5 g 0.12 oz
Size,1.33 oz 40 ml
Size,8.45 oz 250 ml
Size,0.11 oz 3.1 g
Size,0.11 oz 3 g
Size,0.63 oz 18 g
Size,8 pcs 1 set
Size,0.18 oz 5.5 ml
Size,1 box 6 sachets
Color,Rouge Scandal
Size,1.5 oz 45 ml
Size,0.52 oz 15 ml
Size,0.15 oz 4 ml
Size,0.54 oz 15 ml
Size,4.2 oz 110 ml
Size,0.15 oz 4.3 g
Size,12 ml
Size,2 ml
Size,1.65 oz 50 ml
Size,1 box
Size,7 ml
Size,2.8 oz 85 ml
Size,Mini Size 0.5 oz
Size,2.53 oz 75 ml
Size,1.8 oz 50 ml
Size,80 g 2.8 oz
Size,Mini Size 2.5 g
Size,1 box 8 pcs
Size,1.4 oz 36 ml
Size,60 ml
Size,5.07 oz 150 ml
Size,0.7 oz 20 g
Size,30 0.2 oz 30 6 ml
Size,450 ml 15.2 oz
Size,2 pcs 1 set
Size,3 g 0.1 oz
Size,0.08 oz 2.4 g
Size,26 ml 1 oz
Size,0.53 oz 15 ml
Size,0.34+1.7 oz 10+50 ml
Size,10 g
Size,0.3 oz 10 ml
Size,2 oz 60 g
Size,2.1 oz 60 ml
Size,120 ml
Size,0.9 oz 25 ml
Size,6 oz 177.4 ml
Size,0.15 oz 4.25 g
Size,2 15 g
Size,0.09 oz 2.8 g
Color,Apricot Light
Size,6.76 oz 200 ml
Size,0.33 oz 10 ml
Size,1.4 oz 40 ml
Size,0.24 oz 7 ml
Size,5.7 oz 170 ml
Size,4.4 oz 117 ml
Size,1.3 oz 30 ml
Size,0.8 oz 25 ml
Size,0.42 oz 12 g
Size,300 ml 10.15 oz
Size,2.4 oz 60 ml
Size,2.18 oz 60 ml
Color,Natural Beige
Size,3.38 oz 100 ml
Size,0.22 oz 6.5 g
Size,0.21 oz 6 ml
Size,0.25 oz 7.1 g
Size,8 oz 240 ml
Size,16 oz 474 ml
Size,2.9 oz 75 ml
Size,190 ml
Size,1 box 20 teabag
Size,4.22 oz 125 ml
Size,1.38 oz 40 ml
Size,1.74 oz 50 ml
Size,3.3 oz 75 ml
Size,15 ml 0.53 oz
Size,0.55 oz 15 ml
Size,1.79 oz 50 ml
Size,7.2 oz 212 ml
Size,9.47 oz 280 ml
Size,17.6 oz 500 ml
Size,10.5 g
Size,0.4 oz 10 ml
Size,1.5 oz 50 ml
Size,50 1 ml
Size,0.35 oz 9.9 g
Size,Mini Size 50 g
Size,4.06 oz 120 ml
Size,0.5 oz 15 g
Size,1.7 oz 48 g
Size,0.49 oz 14.1 g
Size,2.6 oz 75 ml
Size,2.1 oz 52 ml
Size,0.05 oz 1.5 ml
Size,0.2 oz 6 g
Size,2.4 oz 75 ml
Size,0.95 oz 28 g
Size,0.2 oz 5.7 g
Size,2.03 oz 60 ml
Size,6.4 oz 200 ml
Size,0.5 oz 150 ml
Size,0.34 oz 10 ml
Size,0.84 oz 25 ml
Size,12 0.05 oz 12 1.5 ml
Size,1 set
Size,0.56 oz 16 g
Size,1.76 oz 50 ml
Size,4.4 oz 125 g
Size,3 ml
Size,0.21 oz 6 g
Size,0.28 oz 8.5 ml
Size,145 ml
Size,30 ml 1.01 oz
Size,200 g 7.05 oz
Size,3.4 oz 100 g
Size,0.14 oz 4 g
Size,6.5 oz 200 ml
Size,0.85 oz 25 ml
Size,6 oz 177 ml
Size,Mini Size 40 ml
Size,0.15 oz 4.5 g
Size,1.78 oz 50 ml
Size,0.37 oz 10.5 g
Size,0.24 oz 7.2 ml
Size,0.12 oz 3.7 ml
Size,0.07 oz 2 g
Size,Mini Size 5 ml
Size,5.2 oz 150 g
Size,0.04 oz 1.2 g
Size,3.5 oz 100 g
Size,10 ml
Size,4.5 ml
Size,15 ml
Size,0.25 oz 7.5 ml
Size,0.01 oz 0.35 g
Size,1.75 oz 50 g
Size,1.7 oz 49 g
Size,0.4 oz 11.6 g
Size,1.7 oz 50 g
Size,1 box 26 pcs
Size,10 oz 300 ml
Size,0.13 oz 4 ml
Size,1.04 oz 30 ml
Size,0.27 oz 7.6 g
Size,2.6 oz 75 g
Size,0.01 oz 0.28 g
Size,0.21 oz 5.5 ml
Size,0.61 oz 15 ml
Size,1.05 oz 30 ml
Size,2.1 oz 61 g
Size,5.2 oz 160 ml
Size,12.5 ml
Size,0.17 oz ml
Size,120 g 4.2 oz
Size,6.6 oz 200 ml
Size,1.1 oz 30 ml
Size,0.52 oz 15 g
Size,0.5 oz 1.4 g
Size,1.67 oz 50 ml
Size,0.15 oz 4.7 ml
Size,0.207 oz 5.92 g
Size,0.1 oz 2.8 g
Size,0.62 oz 17.5 g
Size,1 box 144 patches
Size,0.03 oz 1 g
Size,4.08 oz 120 ml
Size,2.3 oz 75 ml
Size,0.26 oz 7.5 g
Size,6.75 oz 200 ml
Size,3.6 oz 100 ml
Size,3.7 oz 110 ml
Size,1 pack 3 pcs
Size,0.7 oz 20 ml
Size,1 oz 29 g
Size,0.23 oz 6.5 ml
Size,200 ml 6.8 oz
Size,55 ml 1.86 oz
Size,150 ml 5.1 oz
Size,11 g
Size,20 g
Size,0.05 oz 1.4 g
Size,25 g
Size,15 pcs
Size,0.51 oz 15 ml
Size,15 g 0.5 oz
Size,1.27 oz 40 ml
Size,5.2 oz 150 ml
Size,1 pack 4 pcs
Size,2 150 g
Size,12 amps 0.16 oz 12 amps 5 ml
Size,1 box 10 sheets
Size,40 g
Size,11.1 oz 330 ml
Size,4.9 oz 150 ml
Size,0.53 oz 15 g
Size,3.8 oz 125 ml
Size,3.8 oz 100 ml
Size,"10sheets, 1box"
Size,1.06 oz 30 ml
Size,5 10 ml
Size,0.17 oz 5 ml
Size,400 ml 13.4 oz
Size,0.5 oz 14 g
Size,0.13 oz 3.7 g
Size,4.32 oz 125 ml
Size,2.2 oz 60 ml
Size,2.1 oz 60 g
Color,Fresh Beige
Color,EF02
Color,EF01
Color,EF03
Color,EF05
Color,30
Color,40
Color,Eros
Color,Mulling Spices
Color,Ambrosial
Color,Chili
Color,Mehr
Color,Velvet Teddy
Color,Unzip
Color,Amber
Color,Neutural
Color,glow pink
Color,Pale Beige
Color,luminary ivory
Color,misty beige
Color,Radiant Gold
Color,Nude Beige
Color,O10
Color,PÃƒÂªche
Color,Pearly White
Color,Tease
Color,Very Light Warm
Color,Beige Diaphane
Color,Linen
Color,Blanc
Color,At Night
Color,Overpower
Color,Pussycat
Color,Insouciant
Color,Infatuate
Color,Initiate
Color,Knockout
Color,Capturing Moment
Color,Gentle Blossom
Color,Inner Fullness
Color,Forest Morning
Color,Universal Glow
Color,Light Glow
Color,2N
Color,Satin Nude N
Color,Ultra Dior
Color,AÃƒÂ§ai
Color,101
Color,Pure Ivory N-20
Color,102 Natural Ocher
Color,Colorless 01
Color,03 Blow-Up
Color,02 La Nudite
Color,03 Sparkling Pink
Color,02 Intense Pink
Color,0
Color,10
Color,01 Coral Kiss
Color,O-01
Color,02 Beige Clair - Light Beige
Color,10 Bountiful Blush
Color,02 Natural
Color,01 Very Light
Color,Petal 21
Color,1.0 All Skin Types
Color,64 Cream Beige  (M-G)
Color,63 Fresh Beige  (F-G)
Color,64 Cream Beige
Color,63 Fresh Beige
Color,61 Ivory
Color,04 Ayanadeshiko
Color,Pink Sands
Color,02 Hikaritouka
Color,Kitten Karma
Color,Sunset Cove
Color,Ballet Baby
Color,Wanderlust
Color,Bronzed Bell
Color,Rose Gold Retro
Color,Gypsy
Color,Into the Blue
Color,Gold Goddess
Color,Sea Siren
Color,Smoldering Satin
Color,Diamond Dust
Color,Transcendence
Color,Matte'n Metal
Color,Soul
Color,771 Natural Berry
Color,20
Color,Parisienne Chic
Color,Incandescent Electra
Color,Mood Exposure
Color,Dim Infusion
Color,04 Flame
Color,410 Rouge Suedine
Color,309 L'Interdit
Color,306 Orange Plumetis
Color,205 Corail Popeline
Color,203 Rose Jersey
Color,202 Rose Flanelle
Color,BO-01
Color,660 Poppy
Color,Translucent
Color,640 Impatiens
Color,610 Flamingo
Color,10 Beige
Color,3 Show Me Peach
Color,1 Night Rehab
Color,B10 Porcelain
Color,05 Spirit
Color,015 Beige Tendre / Tender Beige
Color,No. 21 Natural (Pink)
Color,8 Red Lantern
Color,12 Light
Color,02 Very Light
Color,201
Color,766 Rose Harpers
Color,Light / Medium
Color,Universal Shade
Color,102
Color,Glow 02
Color,324 Red Love
Color,M330 Spicy Burgundy
Color,103
Color,30 Delight
Color,M348 Hot Coral
Color,21 Rose Neon
Color,10 Boyish Rose
Color,9 Rose Alibi
Color,23 Fuchsia In-The-Know
Color,Peach
Color,M65 Tempting Rose
Color,M41 Appealing Orange
Color,310 Ronron
Color,300 Impera
Color,02C Clair Rose / Light Cool
Color,01N Tres Clair / Very Light
Color,02N Clair / Light
Color,06 Harusumire
Color,01 Yuushakuyaku
Color,6 Touch Me Red
Color,203
Color,702L Altareva
Color,230L Colibretta
Color,Glow 01
Color,02 Just Peachy
Color,01 Pink Petal
Color,202
Color,Beige Rose
Color,carbon black
Color,Nude In The Dark
Color,PF04 Light
Color,Light Relax
Color,Noir Infini
Color,Yellow
Color,Power
Color,Golden Bronze
Color,Perfect Pink
Color,PF02 Light
Color,PF01
Color,Mahogany
Color,Scandola
Color,Electric Pink
Color,Immaculate Light
Color,Public Display
Color,Twist Of Fate
Color,Ultra Black
Color,Noir Ebene
Color,I'll Teach You
Color,Fresh Fair
Color,Natural Coral
Color,Infamy
Color,Rose Tentateur
Color,Mat Sand
Color,Mat Shell
Color,Mat Porcelain
Color,Mat Beige
Color,Mat Pearl
Color,Dream Obscene
Color,Exposed
Color,Erotic
Color,No Vacancy
Color,Carriacou
Color,Brigitte
Color,Copper
Color,Cala Di Volpe
Color,Otranto
Color,Fiery Fuschia
Color,Heartbreaker
Color,Spring Rose
Color,Medium 1 Custard 1234
Color,Light 2 Vanilla 1232
Color,Relentlessly Red
Color,Russian Red
Color,Blue
Color,M.A.C Red
Color,See Sheer
Color,Ruby Woo
Color,Candy Yum-Yum
Color,Lady Danger
Color,Impassioned
Color,Vegas Volt
Color,Morange
Color,Honey Pot
Color,RD100
Color,Mustique
Color,Violet Fatale
Color,N10
Color,Mythic
Color,Sugar Kiss
Color,Premiere Saison
Color,Mata Hari
Color,Excessive Rose
Color,Clair / Light - Brunettes
Color,Wild Ginger
Color,Rose Rendez-Vous (Cream)
Color,Natural 12
Color,Ivory 02
Color,Tres Decollete 200
Color,Pure Porcelaine
Color,Insidious
Color,Radiant Diaphanous (Warm Translucent)
Color,SX06
Color,SX05
Color,SX03
Color,Fuchsia Live
Color,Anita
Color,Drop Dead Red
Color,Bold Innocent
Color,Ruby Rush
Color,Rose Ivory
Color,Cream Ivory
Color,Universal
Color,Showgirl
Color,Flash of Pink
Color,Pink In Devotion
Color,Rouge Tuxedo
Color,Lady Bug
Color,Spanish Pink
Color,Flamingo
Color,Quiver
Color,Delight
Color,Light Rosy
Color,Nude Sand
Color,Nude Shell
Color,Nude Porcelain
Color,True Coral
Color,Red Square
Color,Dolce Vita
Color,Dragon Girl
Color,Light 2 Mont Blanc Sheer Glow 6042
Color,Light ochre
Color,Rouge Rebelle
Color,Rouge Provocant
Color,Corail Redoutable
Color,Rose Sulfureux
Color,Rose Transgressif
Color,Beige Clair - Light Beige
Color,Sheer Tint
Color,Sheer
Color,Gabrielle
Color,Beloved
Color,R371 Morning Rose
Color,Lasting Black
Color,Cream Chamois (VF-G)
Color,Alabaster (VF-N)
Color,Medium Golden
Color,Deep Black
Color,R329 Crazy Bouquet
Color,Pink Me Up
Color,Peach Party
Color,Morning Rose
Color,Riviera
Color,Whole Lotta Honey
Color,True Beige
Color,Noir Mirifique
Color,Onde Rose
Color,Mocha
Color,Captive
Color,Crosswires
Color,Neutral Fair
Color,Roomiest Rose
Color,Mightiest Maraschino
Color,Curviest Caramel
Color,Graped-up
Color,Super Strawberry
Color,Chunky Cherry
Color,Amber Design
Color,Nude Pink Design
Color,Light Medium
Color,Curvy Contour
Color,Noir
Color,Gaiety
Color,Casino
Color,Laguna
Color,So Black!
Color,Soft Beige
Color,Lemon
Color,Sex Appeal
Color,Craving
Color,Radiant
Color,Black Black
Color,Surrealistic Black
Color,Warm Silk
Color,Golden Glow
Color,No.3
Color,Chocolate Lustre
Color,Mild
Color,Rose Pale
Color,Beige Pale
Color,Gold Tchlack
Color,Rose De Mai
Color,Bois De Santal
Color,Bare Shell 02
Color,Original
Color,Fresh Beige (F-P)
Color,Warmth
Color,60 - Beige
Color,Over Black
Color,Invisible Matte (All Skin Tones)
Color,Intense Plum
Color,Intense Chocolate
Color,Invisible Light
Color,Translucent Crystal
Color,Dry Combination Skin
Color,Egyptian
Color,Light Bisque
Color,SC-3
Color,Brown Sugar
Color,Black/Brown
Color,Black Diamond
Color,Highlight-01
Color,Fresh Peach
Color,Natural Fair
Color,Extra Mild (Very Dry to Dry)
Color,Noir Midnight
Color,Pear
Color,Deep Throat
Color,Torrid
Color,Precious Black
Color,Naturel - Translucent 2
Color,Deep Relax
Color,Lavender
Color,#30 Naturel
Color,Sugarland
Color,Angelika
Color,Outlaw
Color,Orgasm
Color,Noir hypnotic
